<?xml version="1.0" encoding="UTF-8"?>

<faces-config
    xmlns="http://java.sun.com/xml/ns/javaee"
    xmlns:xsi="http://www.w3.org/2001/XMLSchema-instance"
    xsi:schemaLocation="http://java.sun.com/xml/ns/javaee http://java.sun.com/xml/ns/javaee/web-facesconfig_1_2.xsd"
    version="1.2">
	<managed-bean>
		<managed-bean-name>clienteMB</managed-bean-name>
		<managed-bean-class>com.fiap.teste.bean.ClienteMB</managed-bean-class>
		<managed-bean-scope>session</managed-bean-scope>
	</managed-bean>

	<navigation-rule>
        <display-name>InserirCliente</display-name>
        <from-view-id>/cadastroCliente.jsp</from-view-id>
        <navigation-case>
            <from-outcome>success</from-outcome>
            <to-view-id>/cadastroCliente.jsp</to-view-id>
        </navigation-case>
    </navigation-rule>
</faces-config>
